yil,no,alan,ana_tip,alt_tip,F_MATRIS,F_MUTLAK,F_TUZAKVERI,F_TUMU,F_YALNIZ,F_DAYANAK,F_MADDENO,F_SERI,F_GUNCEL,oncul_sayisi,sik_turu,dogru_harf,dogru_uzunluk,kok_yuklem,kok_ozet,cevap_kurulumu
2025,1,"SAİR","D","D3",0,0,0,0,0,0,0,0,0,,"kisa","C","-","hangisi damga vergisine tabidir","Gümrük idaresine verilen aşağıdaki belgelerden hangisi damga vergisine tabidir?","dört istisna belge (elçilik/kurye mektubu, TIR/ATA karnesi) arasında tek vergiye tabi ticari belge"
2025,2,"SAİR","O","O1",0,0,0,0,0,1,0,0,0,,"kisa","C","-","sayılmamıştır","AT-Türkiye 1/95 Ortaklık Konseyi Kararında hangi alan, Türkiye’nin, Topluluk Gümrük mevzuatına uyum sağlayacağı alanlar arasında","teknik uyum alanları arasına ulusal yetkide kalan ceza alanı eklenmiş"
2025,3,"SAİR","O","O1",0,0,0,0,0,1,1,0,0,,"kisa","D","-","giderlerden değildir","Aşağıdakilerden hangisi, 1994 Gümrük Tarifeleri ve Ticaret Genel Anlaşmasının VII nci Maddesinin Uygulanmasına İlişkin Anlaşma hükümleri","dört ihtiyari taşıma gideri arasında zorunlu ilave unsur (royalti)"
2025,4,"SAİR","D","D2",0,0,0,0,0,1,0,1,0,,"kisa","E","-","hangi uluslararası kuruluş düzenlemeleri dikkate alınarak hazırlanmıştır","Transfer fiyatlandırmasına ilişkin olarak Kurumlar Vergisi Kanununda yer alan düzenlemeler, hangi uluslararası kuruluş düzenlemeleri","ilgisiz uluslararası kuruluşlar arasında OECD"
2025,5,"SAİR","O","O1",0,0,0,0,0,0,0,1,0,,"kisa","B","-","yöntemlerden birisi değildir","Aşağıdakilerden hangisi transfer fiyatlandırmasında uygulanacak yöntemlerden birisi değildir?","dört yasal yöntem arasına uydurma yöntem adı (indirgeme)"
2025,6,"SAİR","G","G2",0,0,0,0,0,1,0,0,0,,"cumle","E","orta","hangisi doğrudur","Ticaretin Kolaylaştırılması Anlaşması kapsamında “ön karar” mekanizması ile ilgili olarak, gümrük kıymetinin tespitinde kullanılacak uygun","zorunlu/yok/yasak/karşılıklılık merdiveninde ""teşvik edilir"" basamağı"
2025,7,"SAİR","O","O1",0,0,0,0,0,1,0,1,0,,"kisa","A","-","mallardan değildir","Aşağıdakilerden hangisi Özel Tüketim Vergisi Kanununa ekli (I) sayılı listenin (B) cetvelindeki mallardan değildir?","(B) cetveli solventleri arasına (A) cetvelinden akaryakıt (uçak benzini) konmuş"
2025,8,"SAİR","O","O3",0,0,0,0,0,1,0,1,0,,"kisa","E","-","diplomatik istisna kapsamında değildir","4760 sayılı Özel Tüketim Vergisi Kanunu hükümleri çerçevesinde, aşağıdakilerden hangisi diplomatik istisna kapsamında değildir?","istisnaya giren listeler arasında istisna dışı kalan (IV) sayılı liste (ters kurgu)"
2025,9,"SAİR","D","D5",0,0,0,0,0,1,0,1,0,,"kod","D","-","hangi liste kapsamında yer alır","‘Saç spreyleri’ cinsi eşya, 4760 sayılı Özel Tüketim Vergisi Kanununda hangi liste kapsamında yer alır?","kozmetiğin yer aldığı (IV) sayılı liste; V uydurma liste"
2025,10,"SAİR","G","G1",0,0,0,0,0,0,0,0,0,,"cumle","E","en_uzun","hangisi doğrudur","Katma Değer Vergisi (KDV) mevzuatına göre, belli istisnalar hariç olmak üzere, finansal kiralama işlemlerinde uygulanacak KDV oranına","sabit oran şıkları karşısında ""konu malın oranı"" genel kuralı"
2025,11,"SAİR","K","K1",0,0,0,0,0,1,0,0,0,,"kod","E","-","anlamına gelen teslim şeklidir","Dış ticarette kullanılan teslim şekillerine ilişkin kuralların belirlendiği INCOTERMS 2020’ye göre aşağıdakilerden hangisi “belirlenen","Incoterms kısaltmaları arasında tanıma uyan kod (DPU)"
2025,12,"HESAP","H","H3",0,0,0,0,0,0,0,0,0,,"sayi","D","-","kaç TL’dir","Bu veriler çerçevesinde, eşyanın serbest dolaşıma giriş beyannamesi ile ithali esnasında ödenmesi gereken gümrük vergileri tutarı kaç","tescil öncesi ardiye ÖTV/KDV matrahına alınıp ardiye faturasındaki KDV düşülünce kalan ÖTV+KDV toplamı"
2025,13,"HESAP","H","H4",0,0,0,0,0,0,0,1,0,,"sayi","D","-","kaç TL’dir","Yukarıda yer verilen olay kapsamında yükümlü (A) firmasına uygulanacak para cezası kaç TL’dir?","GV+EMY+KDV farkı toplamının üç katı"
2025,14,"HESAP","H","H4",0,0,1,0,0,0,0,1,0,,"sayi","A","-","kaç TL’dir","Bu bilgiler çerçevesinde, ithal eşyasına ilişkin olarak yapılacak ek tahakkuk ve varsa ceza tutarlarının toplamı kaç TL’dir?","2 no.lu beyanla ödenen KDV dışlanıp GV farkı ve onun KDV’si üzerinden ek tahakkuk + üç kat ceza"
2025,15,"HESAP","H","H3",0,0,1,0,0,1,0,0,0,,"sayi","B","-","kaç TL’dir","Söz konusu eşya için serbest dolaşıma giriş beyannamesi kapsamında, ithalata ilişkin olarak gümrük idaresince tahsil edilecek gümrük","litre başı ÖTV gümrükte alınmaz; yalnız GV ve KDV toplamı"
2025,16,"HESAP","H","H6",0,0,0,0,0,0,0,1,0,,"sayi","D","-","kaç TL’dir","Bu bilgilere göre, aracın gümrük kıymeti kaç TL’dir? (Navlun ve sigorta giderleri ihmal edilmiştir.)","fatura bedelinden kullanılmışlık indirimi (%40) düşülmüş kıymet"
2025,17,"HESAP","H","H6",0,0,1,0,0,0,0,1,0,,"sayi","C","-","kaç TL’dir","Yukarıda yer alan bilgilere göre gümrük kıymetine dahil edilmesi gereken royalti ve lisans ücreti toplamı tutarı kaç TL’dir?","çoğaltma hakkı hariç tutulunca kalan toplam"
2025,18,"GM","V","V3",0,0,0,0,0,0,0,1,0,5,"kombinasyon","E","-","hangisi esas alınmalıdır","Gümrük kıymetinin tespitinde aşağıda verilen eşyalardan hangisi esas alınmalıdır?","farklı marka ama aynı ülke/aynı kalite/aynı fonksiyonlu emsal; aynı marka farklı ülke çeldirici"
2025,19,"HESAP","H","H3",0,0,0,0,0,1,1,0,0,,"sayi","C","-","kaç TL’dir","Bu veriler çerçevesinde, tahsili gereken vergiler toplamı kaç TL’dir?","GV+KDV üzerine faizin KDV etkisi eklenmiş; faizin kendisi ""vergiler"" toplamına girmez"
2025,20,"HESAP","H","H1",0,0,1,0,0,0,0,0,0,8,"sayi","D","-","kaç TL’dir","Yukarıdaki veriler çerçevesinde, söz konusu eşyanın gümrük kıymeti kaç TL’dir?","CIF + garanti + brüte çevrilmiş lisans; diğer beş kalem hariç"
2025,21,"GM","O","O2",0,0,0,0,0,0,0,1,0,,"cumle","A","en_kisa","hangisi yanlıştır","Gümrük mevzuatının nihai kullanım hükümleri uyarınca nihai kullanım izni ile ilgili olarak aşağıdakilerden hangisi yanlıştır?","mevzuat cümlesinin tek kelimeyle olumsuzlaştırılması (yapılır→yapılamaz)"
2025,22,"GM","G","G1",1,1,0,0,0,1,0,1,0,,"cumle","A","en_kisa","hangisi doğrudur","Gümrük Genel Tebliği (Nihai Kullanım) (Seri No:1) hükümlerine göre nihai kullanım izninin sonradan verilmesi ile ilgili aşağıdaki","aynı hükmün şart/süre varyantları arasında ""beyannamenin kapatılmamış olması şartı"" içeren aslı"
2025,23,"GM","Ö","Ö3",0,0,0,1,0,1,0,0,0,5,"kombinasyon","E","-","hangilerinin yer alması gerekir","Gümrük Yönetmeliğine göre, bir taşıma belgesi kapsamında yer alan ve farklı tarife pozisyonlarına giren eşyaların aynı tarife pozisyonunda","listede sayılan tüm unsurlar"
2025,24,"GM","Ö","Ö1",0,0,0,0,0,1,0,0,0,5,"kombinasyon","A","-","hangileri doğrudur","Gümrük Yönetmeliği çerçevesinde gümrük statü belgesi düzenlenmesine ilişkin yukarıdakilerden hangileri doğrudur?","serbest bölgeye ilişkin iki doğru hal; antrepo ve uydurma amaçlı öncüller çeldirici"
2025,25,"GM","D","D1",0,0,0,0,0,1,0,0,0,,"kod","B","-","hangisi beyan edilir","Gümrük Genel Tebliği (Serbest Dolaşıma Giriş) (Seri No: 16) kapsamında, deniz yolu ile sıvı halde Türkiye Gümrük Bölgesine getirilen ve","ardışık BS kodları arasında LNG’ye ait kod"
2025,26,"SAİR","D","D3",0,0,0,0,0,0,0,0,0,,"kisa","D","-","hangisi bir EFTA (Avrupa Serbest Ticaret Birliği) ülkesidir","Aşağıdaki ülkelerden hangisi bir EFTA (Avrupa Serbest Ticaret Birliği) ülkesidir?","AB üyesi ülkeler arasında tek EFTA üyesi"
2025,27,"SAİR","Ö","Ö3",0,0,0,0,0,1,0,0,0,4,"kombinasyon","C","-","hangileri için A.TR Dolaşım Belgesi düzenlenebilir","2006/10895 sayılı Türkiye ile Avrupa Topluluğu Arasında Oluşturulan Gümrük Birliği'nin Uygulanmasına İlişkin Esaslar Hakkında Karara göre","sanayi ve işlenmiş tarım ürünleri; tarım ve AKÇT ürünleri çeldirici"
2025,28,"GM","Ö","Ö3",0,1,0,0,0,1,0,0,0,5,"kombinasyon","E","-","hangileri gümrük idaresince alıkonulabilir veya gümrük işlemleri durdurulabilir","Gümrük Yönetmeliğinin fikri ve sınai mülkiyet haklarının korunması hükümleri çerçevesinde, yukarıdaki eşyalardan hangileri gümrük","paralel ithalat (V) dışarıda bırakılınca kalan dört öncül"
2025,29,"GM","D","D3",0,0,0,0,0,0,0,0,0,,"kisa","B","-","hangisi serbest dolaşıma giriş beyannamesine eklenmesi zorunlu belgelerdendir","Gümrük mevzuatına göre aşağıdakilerden hangisi serbest dolaşıma giriş beyannamesine eklenmesi zorunlu belgelerdendir?","taşıma belgeleri arasında tek zorunlu ek belge (fatura)"
2025,30,"SAİR","E","E1",0,0,0,0,0,1,0,0,1,,"eslesme","A","orta","eşleştirmelerden hangisi yanlıştır","Ürün güvenliği ve teknik düzenlemeler mevzuatı kapsamında yer alan Tebliğlere ve denetimi yapmakla sorumlu kurum/kuruluşlara ilişkin","iki ""çevre"" tebliğinden birinde denetim kurumu kaydırılmış (makam kaydırma)"
2025,31,"SAİR","O","O2",0,0,0,0,0,1,0,0,0,,"cumle","B","en_kisa","hangisi söylenemez","32 Sayılı Türk Parası Kıymetini Koruma Hakkında Karar kapsamında kıymetli maden, taşlar ve eşyaya ilişkin olarak aşağıdakilerden hangisi","ihracı serbest olan hüküm ""kotaya tabidir"" diye tahrif edilmiş"
2025,32,"SAİR","O","O1",0,0,0,0,0,1,0,1,0,,"cumle","E","en_kisa","durumlardan biri değildir","Aşağıdakilerden hangisi Türkiye ile Malezya Serbest Ticaret Anlaşması Çerçevesindeki Ticarette Eşyanın Tercihli Menşeinin Tespiti Hakkında","dört teknik ret hali arasına ret sebebi olmayan sonradan düzenleme hali"
2025,33,"SAİR","E","E1",0,0,0,0,0,0,0,1,0,,"eslesme","B","orta","eşleştirmelerden hangisi yanlıştır","Tercihli tarife uygulanmasına ilişkin aşağıda yer verilen eşleştirmelerden hangisi yanlıştır?","GTS belgesi Form A’nın TTA’ya bağlanması (belge kaydırma)"
2025,34,"SAİR","O","O2",0,0,0,0,0,0,0,1,0,,"cumle","D","orta","bilgilerden hangisi yanlıştır","Pan Avrupa Akdeniz Menşe Kümülasyon Sistemi kapsamı ticarette EUR.1 Dolaşım Belgesi ile ilgili olarak aşağıdaki bilgilerden hangisi","işlenmiş tarım ürünlerinde A.TR yerine EUR.1 yazılmış (belge kaydırma)"
2025,35,"GM","Ö","Ö3",0,0,0,1,0,1,1,1,0,3,"kombinasyon","E","-","menşe şahadetnamesi aranmaz","Ticaret politikası önlemlerine, ilave gümrük vergisine veya ek mali yükümlülük gibi diğer mali yükümlülüklere tabi eşyaya ilişkin","üç durumun üçü de aranmayan hal"
2025,36,"SAİR","D","D2",0,0,0,0,0,1,0,1,0,,"kisa","C","-","aşağıdakilerden hangisidir","Türkiye Cumhuriyeti ile Özbekistan Cumhuriyeti arasındaki tercihli ticaret anlaşması çerçevesinde eşyanın tercihli menşeini ispatlayan","uydurma TR-OZB belgeleri ve başka anlaşma belgeleri arasında EUR.1"
2025,37,"SAİR","Ö","Ö2",0,0,0,0,0,0,0,0,0,4,"kombinasyon","C","-","hangisi/hangileri yanlıştır","Kambiyo mevzuatı çerçevesinde altın ithalatına ilişkin yukarıdaki ifadelerden hangisi/hangileri yanlıştır?","ithalat serbestisi ve saflık tanımı tahrif edilmiş iki öncül"
2025,38,"SAİR","Ö","Ö3",0,0,0,0,1,0,0,0,1,4,"kombinasyon","A","-","uygunluk denetimine tabidir","Yukarıdaki eşya gruplarından hangisi/hangileri ithalatta Dış Ticarette Risk Esaslı Kontrol Sistemi (TAREKS) üzerinden uygunluk denetimine","dört eşya grubundan yalnız TAREKS’e tabi olanı"
2025,39,"TARİFE","O","O4",0,0,0,0,0,1,0,0,0,,"kisa","C","-","aynı fasılda sınıflandırılmaz","Aşağıdakilerden hangisinde sayılan ürünlerin tümü Türk Gümrük Tarife Cetvelinde aynı fasılda sınıflandırılmaz?","deniz memelileri ile balık aynı üçlüde; diğer üçlüler tek fasılda"
2025,40,"TARİFE","O","O4",0,0,0,0,0,1,0,0,0,,"cumle","D","en_kisa","hangisi yanlıştır","Türk Gümrük Tarife Cetveline göre aşağıdakilerden hangisi yanlıştır?","fasıl notunda hariç tutulan eşya (güneş saati) 91. fasla yazılmış"
2025,41,"TARİFE","O","O4",0,0,0,0,0,1,0,0,0,,"cumle","E","orta","hangisi yanlıştır","Türk Gümrük Tarife Cetveline göre ayakkabıların sınıflandırılması hakkında aşağıdaki ifadelerden hangisi yanlıştır?","64.06 aksam tanımından hariç tutulan bağcıklar ""kapsar"" diye çevrilmiş"
2025,42,"TARİFE","G","G4",0,1,0,0,0,1,1,0,0,,"cumle","B","en_uzun","bu kuralın uygulanmasına örnektir","Aşağıdakilerden hangisi, bu kuralın uygulanmasına örnektir?","perakende set şartlarını (tek ihtiyaç, birlikte paket) sağlayan tek örnek"
2025,43,"TARİFE","V","V4",0,0,0,0,0,0,0,0,0,,"kod","C","-","hangisinde sınıflandırılmaktadır","Yoğurda su katılarak veya kuru maddesi ayarlanan süte Streptococcus thermophilus ve Lactobacillus delbrueckii subsp. bulgaricus’un","ardışık 04.0x pozisyonları arasında fermente süt ürünleri pozisyonu"
2025,44,"TARİFE","O","O4",0,0,0,0,0,1,0,0,0,,"cumle","A","orta","hangisi söylenemez","Türk Gümrük Tarife Cetveline göre 64.06.90.90.10.00 GTİP’indeki eşya için aşağıdakilerden hangisi söylenemez?","64. fasıl XII. Bölümde iken ""11. Bölüm"" yazılmış"
2025,45,"TARİFE","O","O4",0,0,0,0,0,1,0,0,0,,"kisa","D","-","84 üncü fasılda yer almaz","Türk Gümrük Tarife Cetveline göre aşağıdakilerden hangisi 84 üncü fasılda yer almaz?","HS 2022 ile 85.14’e taşınan eşya; diğerleri adı makine çağrıştırmayan 84 eşyası"
2025,46,"TARİFE","S","S2",0,0,0,0,0,1,0,0,0,,"kisa","E","-","doğru şekilde belirtilmiştir","Türk Gümrük Tarife Cetveline göre aşağıdakilerden hangisinde eşyaların 85 inci fasıldaki sıralanışı pozisyon numarasına göre küçükten","pozisyon numaraları artan sırada dizilmiş tek dörtlü"
2025,47,"TARİFE","D","D5",0,0,0,0,0,1,0,0,0,,"kisa","A","-","hangisi 87 nci fasılda yer alır","Türk Gümrük Tarife Cetveline göre aşağıdaki kara nakil vasıtası aksamlarından hangisi 87 nci fasılda yer alır?","taşıt aksamı görünümlü eşyalar arasında 87. fasılda kalan tek parça"
2025,48,"TARİFE","O","O4",0,0,0,0,0,1,0,0,0,,"kisa","A","-","99 uncu fasıl eşyası değildir","Aşağıdakilerden hangisi Türk Gümrük Tarife Cetveli 99 uncu fasıl eşyası değildir?","milli fasıl muafiyet eşyaları arasına 97. fasıl antika eşya"
2025,49,"TARİFE","V","V4",0,0,0,0,0,1,0,0,0,,"kod","B","-","hangi tarife pozisyonunda sınıflandırılır","Yukarıda tanımı yapılan eşya Türk Gümrük Tarife Cetvelinde hangi tarife pozisyonunda sınıflandırılır?","plastik/alüminyum/uçucu yağ çeldiricileri karşısında koku ürünü pozisyonu"
2025,50,"TARİFE","O","O4",0,0,0,0,0,1,0,0,0,,"kisa","E","-","09.09 tarife pozisyonunda sınıflandırılmaz","Aşağıdakilerden hangisi Türk Gümrük Tarife Cetvelinin 09.09 tarife pozisyonunda sınıflandırılmaz?","09.09 tohumları arasına 09.10 baharatı"
2025,51,"TARİFE","D","D5",0,0,0,0,0,0,0,0,0,,"kisa","E","-","hangisi 11 inci fasılda yer alır","Aşağıdaki eşyalardan hangisi 11 inci fasılda yer alır?","11. fasıl dışındaki benzer tahıl ürünleri arasında tek değirmencilik ürünü"
2025,52,"TARİFE","O","O4",0,0,0,0,0,1,0,0,0,,"cumle","D","en_kisa","24.04 tarife pozisyonunda sınıflandırılmaz","Aşağıdaki eşyadan hangisi Türk Gümrük Tarife Cetvelinin 24.04 tarife pozisyonunda sınıflandırılmaz?","24.04 yeni nesil ürünleri arasına yakılarak içilen ürün"
2025,53,"TARİFE","G","G2",0,1,0,0,0,1,0,0,0,,"cumle","B","en_uzun","hangisi doğrudur","474 sayılı Gümrük Giriş Tarife Cetveli Hakkında Kanuna göre Cumhurbaşkanının tarife cetvelindeki gümrük vergisi oranlarında değişiklik","%100 / yalnızca %10 / yetki yok merdiveninde Kanundaki yetki sınırı"
2025,54,"TARİFE","D","D5",0,0,0,0,0,1,0,0,0,,"kod","C","-","hangisinde yer alır","Türk Gümrük Tarife Cetveline göre, ""Ahtapotlar (Octopus spp.)"" aşağıdaki tarife pozisyonlarından hangisinde yer alır?","ardışık 03.0x pozisyonları arasında yumuşakçalar pozisyonu"
2025,55,"TARİFE","D","D5",0,0,0,0,0,1,0,0,0,,"kisa","B","-","hangisi 40 ıncı fasılda yer alır","Türk Gümrük Tarife Cetveline göre aşağıdaki eşyalardan hangisi 40 ıncı fasılda yer alır?","kauçuk çağrıştıran eşyalar arasında 40. fasılda kalan tek eşya"
2025,56,"GM","O","O2",0,0,0,0,0,1,1,0,0,,"cumle","B","orta","hangisi yanlıştır","Gümrük Yönetmeliğinin 482 nci maddesine göre; seferin devamı sayılabilecek hallere ilişkin aşağıdaki ifadelerden hangisi yanlıştır?","seferin devamı sayılan halin ""sayılmaz"" diye çevrilmesi (polarite tersi)"
2025,57,"GM","D","D3",0,0,0,0,0,1,0,0,0,,"kisa","D","-","basitleştirilmiş usuller çerçevesinde gerçekleştirilebilir","Gümrük Yönetmeliğine göre aşağıdaki rejimlerden hangisine tabi eşyanın, ihracat rejimine girişi basitleştirilmiş usuller çerçevesinde","rejimler arasında basitleştirilmiş usulle ihracata girebilen tek rejim"
2025,58,"SAİR","B","B1",1,0,0,0,0,1,0,0,0,,"kisa","B","-","hangisi gelmelidir","İhracat Yönetmeliği hükümlerine göre; yukarıdaki boşluklara sırasıyla aşağıdakilerden hangisi gelmelidir?","ihracat mevzuatı + saklı tutulan DİR ikilisi"
2025,59,"SAİR","B","B1",1,0,0,0,0,1,0,0,1,,"kisa","C","-","hangisi gelmelidir","Türk Parası Kıymetini Koruma Hakkında 32 Sayılı Karara İlişkin Tebliğe (Tebliğ No: 2008-32/34) göre yukarıdaki boşluklara sırasıyla","güncel eşik + doğru form adı; ""sözlü beyan formu"" uydurma"
2025,60,"SAİR","Ö","Ö1",0,0,0,0,0,1,0,0,0,5,"kombinasyon","A","-","hangileri doğrudur","İhracat Yönetmeliğine göre konsinye ihracata ilişkin olarak yukarıdaki ifadelerden hangileri doğrudur?","başvuru mercii ve satış süresi doğru; süre/makam tahrifli öncüller çeldirici"
2025,61,"SAİR","D","D3",0,0,0,0,0,1,0,0,0,,"kisa","D","-","ön iznine bağlıdır","İhracı Yasak ve Ön İzne Bağlı Mallara İlişkin Tebliğ (İhracat 96/31) uyarınca aşağıdakilerden hangisinin ihracı belli kamu kurum ve","ihracı yasak ya da serbest bitkiler arasında ön izne bağlı olan"
2025,62,"HESAP","H","H8",0,0,0,0,0,1,0,0,0,,"sayi","B","-","azami kaç gün içerisinde yurda getirmek zorundadır","Buna göre A firması, ihracat bedellerini Merkez Bankası İhracat Genelgesi hükümleri uyarınca azami kaç gün içerisinde yurda getirmek","vade (200 gün) + 90 gün"
2025,63,"GM","Ö","Ö2",0,0,0,0,1,0,0,1,0,5,"kombinasyon","B","-","hangisi/hangileri yanlıştır","Bu ifadelerden hangisi/hangileri yanlıştır?","ihracat/ithalat beyannamesi tarihi kaydırılmış tek öncül"
2025,64,"SAİR","Ö","Ö1",0,0,0,0,0,0,0,1,0,5,"kombinasyon","D","-","hangileri doğrudur","Dahilde işleme rejimine ilişkin yukarıda yer alan ifadelerden hangileri doğrudur?","""ilk günü"" tahrifli III dışında kalan dört öncül"
2025,65,"GM","O","O2",0,0,0,0,0,1,0,1,0,,"cumle","A","en_uzun","hangisi yanlıştır","Gümrük Genel Tebliği (Transit Rejimi, Seri No:4) uyarınca transit rejimi ile ilgili olarak aşağıdaki ifadelerden hangisi yanlıştır?","ulusal kapsamlı teminatın ortak transite taşınması (kapsam genişletme)"
2025,66,"GM","Ö","Ö3",0,0,0,0,0,1,0,1,0,4,"kombinasyon","C","-","basitleştirmelerdendir","Gümrük Yönetmeliğine göre yukarıdakilerden hangileri transit rejimi kapsamında yer alan basitleştirmelerdendir?","mevzuatta olmayan elektronik taşıma belgesi dışındaki üç basitleştirme"
2025,67,"GM","Ö","Ö3",0,0,0,0,0,1,0,1,0,3,"kombinasyon","C","-","kanıtlanması için kullanılan belgelerdendir","Gümrük Yönetmeliğine göre yukarıdakilerden hangisi/hangileri, transit rejimine tabi eşyanın mücbir sebep veya beklenmeyen haller nedeniyle","trafik kaza raporu dışarıda; savcılık ve mülki amir belgeleri"
2025,68,"GM","Ö","Ö1",0,1,0,0,0,1,0,1,0,4,"kombinasyon","B","-","hangileri doğrudur","Gümrük Genel Tebliği (Transit Rejimi, Seri No:4) uyarınca transit beyanına ilişkin yukarıdaki ifadelerden hangileri doğrudur?","T1/T2 ve 30 gün tahrifli öncüller dışındaki iki doğru"
2025,69,"GM","Ö","Ö1",0,0,0,0,0,1,0,1,0,4,"kombinasyon","A","-","hangileri doğrudur","4458 sayılı Gümrük Kanununa göre transit rejimine ilişkin olarak yukarıdaki ifadelerden hangileri doğrudur?","hareket/varış kaydırması ve ""mümkün değildir"" tahrifi dışındaki iki doğru"
2025,70,"GM","Ö","Ö3",0,0,0,0,0,1,0,1,0,4,"kombinasyon","E","-","basitleştirme başvurusunda dikkate alınır","Gümrük Yönetmeliğine göre yukarıdakilerden hangisi/hangileri transit rejiminde basitleştirme başvurusunda dikkate alınır?","finansal büyüklük dışındaki üç kriter"
2025,71,"SAİR","O","O1",0,0,0,0,0,1,0,1,0,,"kisa","A","-","taraf ülkelerden biri değildir","Aşağıdakilerden hangisi TIR Sözleşmesine taraf ülkelerden biri değildir?","taraf ülkeler arasında taraf olmayan tek ülke"
2025,72,"SAİR","D","D6",0,0,0,0,0,0,0,1,0,,"cumle","D","orta","yapılması gereken işlem aşağıdakilerden hangisidir","Geçerlilik süresinin bitiş tarihinde hareket gümrük idaresine ibraz edilen TIR Karneleri için ilgili gümrük idaresince yapılması gereken","son gün ibraz edilen karnenin kabulü; ret/ek süre/ek teminat çeldirici"
2025,73,"GM","O","O2",0,0,0,0,0,1,0,1,0,,"cumle","C","orta","hangisi yanlıştır","2009/15481 sayılı “4458 sayılı Gümrük Kanununun Bazı Maddelerinin Uygulanması Hakkında Karar”a göre yerleşim yerini Türkiye Gümrük","mirasçı hali uydurma bir muafiyet hükmüne çevrilmiş"
2025,74,"GM","B","B1",1,0,0,0,0,1,0,1,0,,"sayi","E","-","hangisi gelmelidir","Yukarıda yer alan boşluklara sırasıyla aşağıdakilerden hangisi gelmelidir?","komşu tutar çiftleri arasında 430-3.000"
2025,75,"GM","O","O2",0,0,0,0,0,1,0,1,0,,"cumle","E","en_kisa","hangisi yanlıştır","2009/15481 sayılı “4458 sayılı Gümrük Kanununun Bazı Maddelerinin Uygulanması Hakkında Karar”a göre aşağıdaki ifadelerden hangisi yanlıştır?","binek otomobil istisnasının muafiyet kuralına çevrilmesi"
2025,76,"GM","D","D3",0,0,0,0,0,1,0,1,0,,"kisa","E","-","muafiyet kapsamındadır","2009/15481 sayılı “4458 sayılı Gümrük Kanununun Bazı Maddelerinin Uygulanması Hakkında Karar”a göre aşağıdakilerden hangisi Yolcu Beraberi","miktar sınırını aşmayan tek kalem; diğerleri limit aşımı"
2025,77,"GM","B","B2",1,0,0,0,0,1,0,1,1,,"sayi","B","-","hangisi gelmelidir","Yukarıda yer alan boşluklara sırasıyla aşağıdakilerden hangisi gelmelidir?","AB’den gelen gönderi için güncel eşik ve oranlar; eski oran (%18) ve başka eşikler çeldirici"
2025,78,"GM","O","O1",0,0,0,0,0,0,0,0,0,,"cumle","C","en_kisa","eşyalardan biri değildir","Aşağıdaki eşyalardan hangisi ilgili gümrük ve dış ticaret bölge müdürlüğünün izni ile antrepoya konulabilecek eşyalardan biri değildir?","izinle konulabilecek eşya listesine başka hükme tabi eşya (alıcısı emre) eklenmiş"
2025,79,"GM","V","V2",0,0,0,0,0,1,0,0,0,,"cumle","B","orta","hangisi yanlıştır","Buna göre Gümrüksüz Satış Mağazaları Yönetmeliğinin tek işletmeci kuralı doğrultusunda aşağıdakilerden hangisi yanlıştır?","alt işletmecinin tütün satamayacağı kuralının tersi"
2025,80,"GM","O","O1",0,0,0,0,0,1,1,1,0,,"cumle","D","orta","cezalardan biri değildir","Aşağıdaki usulsüzlük cezalarından hangisi Gümrük Kanununun 241 inci maddesinin birinci fıkrası uyarınca, Gümrük Yönetmeliğinin 82 no.lu","Ek-82 listesinde olmayan antrepo fiili (izinsiz elleçleme)"
2025,81,"GM","B","B2",1,0,0,0,0,1,1,1,0,,"kisa","C","-","hangisi gelmelidir","Gümrük Yönetmeliği uyarınca yukarıda yer alan boşluklara sırasıyla aşağıdakilerden hangisi gelmelidir?","özel/genel × 5/10 iş günü × 241/1-241/2 matrisinde doğru üçlü"
2025,82,"GM","O","O2",0,0,0,0,0,1,0,1,0,,"cumle","E","en_uzun","hangisi yanlıştır","Gümrük Yönetmeliği uyarınca antrepo rejiminde antrepo işleticilerince yararlanılacak götürü teminat uygulanmasına ilişkin aşağıdaki","götürü teminat işlemlerinde yetkili makamın kaydırılması"
2025,83,"GM","E","E2",0,0,0,0,1,1,0,1,0,4,"kombinasyon","B","-","eşleştirmelerden hangisi/hangileri doğrudur","Gümrük Yönetmeliği kapsamında yukarıdaki tabloda yer verilen eşleştirmelerden hangisi/hangileri doğrudur?","dört işlem-makam/sonuç eşleştirmesinden yalnız Bakanlık eşleşmesi doğru"
2025,84,"SAİR","O","O1",0,0,0,0,0,1,0,1,0,,"cumle","B","orta","kaçakçılık suçu olarak tanımlanmamıştır","5607 sayılı Kaçakçılıkla Mücadele Kanununda aşağıda yer alan fiillerden hangisi kaçakçılık suçu olarak tanımlanmamıştır?","5607’de tanımlı tütün/alkol/bandrol fiilleri arasına tanımlanmamış fiil"
2025,85,"SAİR","Ö","Ö4",0,0,0,0,1,1,0,1,0,3,"kombinasyon","A","-","koşullarından hangisinin/hangilerinin gerçekleşmesi gerekir","5607 sayılı Kaçakçılıkla Mücadele Kanununa göre kaçakçılık suçunun işlenmesinde kullanılarak elkonulan taşıtın elkoyan mercilerce","üç koşuldan yalnız ""tekrar kullanılma"" koşulu"
2025,86,"GM","D","D6",1,0,0,0,0,1,0,1,0,,"cumle","A","en_uzun","usullerin hangisiyle hesaplanır","Gümrük Yönetmeliğine göre gümrük kontrolü altında işleme rejiminde değişmemiş eşyaya veya izinde öngörülene nazaran işlemin ara","tarih/eşya permütasyonu arasında GKİ beyannamesinin tescil tarihi"
2025,87,"GM","Ö","Ö1",0,0,0,0,0,1,0,1,0,3,"kombinasyon","C","-","hangisi/hangileri doğrudur","4458 Sayılı Gümrük Kanununa göre, geçici ithal edilen eşyanın geçici ithalat izin süresi içerisinde serbest dolaşıma giriş rejimine tabi","kısmi/tam muafiyet kurallarının çaprazlandığı III dışındaki iki doğru"
2025,88,"GM","V","V1",1,0,1,0,0,1,0,1,0,,"cumle","C","orta","hangisi doğrudur","4458 sayılı Gümrük Kanununa göre bu durumda uygulanacak vergi oranları ve gecikme zammı oranında faiz tahsilatına ilişkin aşağıda yer alan","GI beyan tarihi oranları + o tarihten faiz; serbest dolaşım ve izin bitiş tarihleri çeldirici"
2025,89,"GM","K","K1",0,0,0,0,0,1,0,0,0,,"kisa","D","-","usulü aşağıdakilerden hangisidir","4458 Sayılı Gümrük Kanunu kapsamında, Türkiye Gümrük Bölgesi dışında tamir edilmek istenen eşyanın yerine, tamir işlemi tamamlanarak gümrük","uydurma ""sistem"" adları arasında standart değişim"
2025,90,"GM","O","O1",0,0,0,0,0,0,0,1,0,,"cumle","D","en_kisa","durumlardan biri değildir","Aşağıdakilerden hangisi yetkilendirilmiş yükümlü sertifikasının askıya alınmasını gerektiren durumlardan biri değildir?","askıya alma halleri arasına iptal sebebi (sahte belge) konmuş"
2025,91,"GM","G","G1",1,0,0,0,0,1,0,1,0,,"cumle","B","orta","hangisi doğrudur","Gümrük Yönetmeliğinde onaylanmış kişi statüsü için belirlenen diğer tüm koşulları sağlamış olması şartıyla, yetkilendirilmiş gümrük","iki dönem eşiğinin doğru çifti; komşu milyon tutarları çeldirici"
2025,92,"GM","O","O1",0,0,0,0,0,1,0,1,0,,"cumle","D","orta","hangisi yanlıştır","Gümrük İşlemlerinin Kolaylaştırılması Yönetmeliğine göre, yetkilendirilmiş yükümlü sertifikası sahibi kişilerce ithalatta yerinde","ek koşullar arasına uydurma teminat şartı"
2025,93,"GM","O","O2",0,0,0,0,0,1,0,0,0,,"cumle","A","orta","hangisi yanlıştır","Gümrük Yönetmeliğine göre teminata ilişkin aşağıdaki ifadelerden hangisi yanlıştır?","süresiz teminat mektubunun ""süreli"" diye tahrifi"
2025,94,"GM","G","G1",0,0,0,0,0,1,0,0,0,,"cumle","B","orta","hangisinde doğru olarak verilmiştir","4458 sayılı Gümrük Kanununa göre, Türkiye'nin taraf olduğu uluslararası anlaşma hükümleri çerçevesinde gümrük vergilerinin geri verilmesi","yalnız süresi değişen beş cümle arasında 1 yıl"
2025,95,"GM","G","G1",0,0,0,0,0,1,0,0,0,,"cumle","A","orta","hangisi doğrudur","4458 sayılı Gümrük Kanununa göre, yapılan kontrol sonucunda noksan alındığı tespit edilen ve yükümlüye tebliğ edilen gümrük vergileri ile","15 gün hükmünün aslı; uzatma/tecil faizi tahrifleri çeldirici"
2025,96,"SAİR","E","E3",0,0,0,0,0,1,0,0,0,3,"kod","A","-","doğru sıralaması hangi seçenekte yer almaktadır","Türkiye ile Avrupa Topluluğu Arasında Oluşturulan Gümrük Birliği'nin Uygulanmasına İlişkin Esaslar Hakkında 2006/10895 sayılı Karar","INF tanımlarının doğru permütasyonu"
2025,97,"SAİR","O","O1",0,0,0,0,0,0,0,0,0,,"kisa","B","-","Serbest Ticaret Anlaşması yoktur","Aşağıdaki ülkelerden hangisi ile Türkiye arasında halen yürürlükte bulunan Serbest Ticaret Anlaşması yoktur?","STA’lı ülkeler arasında STA’sız ülke"
2025,98,"GM","E","E1",0,0,0,0,0,0,0,1,0,,"eslesme","E","orta","eşleştirmelerden hangisi yanlıştır","Yetkilendirilmiş gümrük müşaviri tarafından yapılan tespit işlemlerine ilişkin aşağıdaki eşleştirmelerden hangisi yanlıştır?","DİR kodunun kıymet tespitiyle eşleştirilmesi (kod-işlem kaydırma)"
2025,99,"GM","D","D6",0,0,0,0,0,1,0,1,0,,"kisa","D","-","ücretlerden hangisi uygulanır","Gümrük Müşavirliği ve Yetkilendirilmiş Gümrük Müşavirliği Asgari Ücret Tarifesinde aynı beyannamede Asgari Ücret Tarifesi Tablosunda yer","birden fazla rejimde yüksek ücret kuralı"
2025,100,"GM","G","G1",0,1,0,0,0,0,0,1,0,,"cumle","A","en_uzun","hangisi doğrudur","Genel ve özel antrepolara ilişkin tespit işlemleri için aşağıdakilerden hangisi doğrudur?","genel/özel antrepo kod listelerini ayrıştıran uzun şık; ""tüm/sadece"" çeldiriciler"
